{"name":"00913dec-7dcd-436d-882a-b508b34b6d5e","id":"/providers/Microsoft.Flow/flows/00913dec-7dcd-436d-882a-b508b34b6d5e","type":"Microsoft.Flow/flows","properties":{"apiId":"/providers/Microsoft.PowerApps/apis/shared_logicflows","displayName":"TH-1. Nộp bài dự thi","definition":{"metadata":{"workflowEntityId":null,"flowclientsuspensionreason":"None","flowclientsuspensiontime":null,"creator":{"id":"1d86b3b3-6b52-4309-bd49-f6e1bd98bebb","type":"User","tenantId":"b4b133de-b15d-4f8d-a087-fb40d3cf2899"},"provisioningMethod":"FromDefinition","failureAlertSubscription":true,"clientLastModifiedTime":"2021-01-26T12:08:49.371922Z"},"$schema":"https://schema.management.azure.com/providers/Microsoft.Logic/schemas/2016-06-01/workflowdefinition.json#","contentVersion":"1.0.0.0","parameters":{"$connections":{"defaultValue":{},"type":"Object"},"$authentication":{"defaultValue":{},"type":"SecureObject"}},"triggers":{"When_a_new_response_is_submitted":{"splitOn":"@triggerOutputs()?['body/value']","type":"OpenApiConnectionWebhook","inputs":{"host":{"apiId":"/providers/Microsoft.PowerApps/apis/shared_microsoftforms","connectionName":"shared_microsoftforms","operationId":"CreateFormWebhook"},"parameters":{"form_id":"3jOxtF2xjU-gh_tA088ombOzhh1SawlDvUn24b2YvrtUNDNPMjFSTEsySlFHMEtQQ0YzTExQMEVMRS4u"},"authentication":"@parameters('$authentication')"}}},"actions":{"Get_response_details":{"runAfter":{},"type":"OpenApiConnection","inputs":{"host":{"apiId":"/providers/Microsoft.PowerApps/apis/shared_microsoftforms","connectionName":"shared_microsoftforms","operationId":"GetFormResponseById"},"parameters":{"form_id":"3jOxtF2xjU-gh_tA088ombOzhh1SawlDvUn24b2YvrtUNDNPMjFSTEsySlFHMEtQQ0YzTExQMEVMRS4u","response_id":"@triggerOutputs()?['body/resourceData/responseId']"},"authentication":"@parameters('$authentication')"}},"Get_user_profile_(V2)":{"runAfter":{"Parse_JSON":["Succeeded"]},"type":"OpenApiConnection","inputs":{"host":{"apiId":"/providers/Microsoft.PowerApps/apis/shared_office365users","connectionName":"shared_office365users","operationId":"UserProfile_V2"},"parameters":{"id":"@outputs('Get_response_details')?['body/responder']"},"authentication":"@parameters('$authentication')"}},"Parse_JSON":{"runAfter":{"Get_response_details":["Succeeded"]},"type":"ParseJson","inputs":{"content":"@outputs('Get_response_details')?['body/r66a1e0e15e0048a09a6ecf5a97e7761f']","schema":{"type":"array","items":{"type":"object","properties":{"name":{"type":"string"},"link":{"type":"string"},"id":{"type":"string"},"type":{},"size":{"type":"integer"},"referenceId":{"type":"string"},"driveId":{"type":"string"},"status":{"type":"integer"},"uploadSessionUrl":{}},"required":["name","link","id","type","size","referenceId","driveId","status","uploadSessionUrl"]}}}},"Send_an_email_(V2)":{"runAfter":{"Apply_to_each":["Succeeded"]},"type":"OpenApiConnection","inputs":{"host":{"apiId":"/providers/Microsoft.PowerApps/apis/shared_office365","connectionName":"shared_office365","operationId":"SendEmailV2"},"parameters":{"emailMessage/To":"@outputs('Get_response_details')?['body/responder']","emailMessage/Subject":"Đã nhận sản phẩm dự thi","emailMessage/Body":"<p>Cám ơn thầy/cô @{outputs('Get_user_profile_(V2)')?['body/displayName']},<br>\nĐã nộp sản phẩm dự thi. BTC đã nhận được và sẽ công bố kết quả sau khi có kết quả chấm chung kết.<br>\n<br>\nThanks,<br>\nBTC</p>","emailMessage/Importance":"Normal"},"authentication":"@parameters('$authentication')"}},"Apply_to_each":{"foreach":"@body('Parse_JSON')","actions":{"Create_item-Nộp_bài_thi":{"runAfter":{},"type":"OpenApiConnection","inputs":{"host":{"apiId":"/providers/Microsoft.PowerApps/apis/shared_sharepointonline","connectionName":"shared_sharepointonline","operationId":"PostItem"},"parameters":{"dataset":"https://bacgiang01.sharepoint.com/sites/nopsanphamGVTH","table":"166261a6-d78d-48c1-8a42-ad16e4b77bcc","item/M_x00e3_d_x1ef1_thi":"@outputs('Get_response_details')?['body/r3228944c8e424a2cae137718fdddb680']","item/L_x1edb_ph_x1ecd_c":"@outputs('Get_response_details')?['body/r9f72e68cd0714873a6f2e7c51b3b6571']","item/M_x00f4_nh_x1ecd_c":"@outputs('Get_response_details')?['body/r01d96661918848ada35022b61ff53af5']","item/S_x1ea3_nph_x1ea9_md_x1ef1_thi":"@items('Apply_to_each')['name']","item/Th_x00ed_sinh":"@outputs('Get_user_profile_(V2)')?['body/mail']","item/M_x00e3_ch_x1ea5_mthi":"@{rand(1,999999)}-@{utcNow()}","item/Th_x1edd_igiann_x1ed9_ps_x1ea3_n":"@outputs('Get_response_details')?['body/submitDate']"},"authentication":"@parameters('$authentication')"}}},"runAfter":{"Get_user_profile_(V2)":["Succeeded"]},"type":"Foreach"}},"outputs":{}},"connectionReferences":{"shared_microsoftforms":{"connectionName":"shared-microsoftform-f0aa19ea-9591-4551-9c71-9e55-16bcef0f","source":"Embedded","id":"/providers/Microsoft.PowerApps/apis/shared_microsoftforms","tier":"NotSpecified"},"shared_office365users":{"connectionName":"shared-office365user-5316e6e7-2d1d-4e12-adce-0929366ffedb","source":"Embedded","id":"/providers/Microsoft.PowerApps/apis/shared_office365users","tier":"NotSpecified"},"shared_office365":{"connectionName":"shared-office365-ee403096-bece-4b7f-bed0-6fcdfbbbf7e2","source":"Embedded","id":"/providers/Microsoft.PowerApps/apis/shared_office365","tier":"NotSpecified"},"shared_sharepointonline":{"connectionName":"shared-sharepointonl-0b0d48db-cd5f-4036-a44f-f0dc7165893f","source":"Embedded","id":"/providers/Microsoft.PowerApps/apis/shared_sharepointonline","tier":"NotSpecified"}},"flowFailureAlertSubscribed":false}}