{"name":"c212eab2-a377-48e5-9dd0-5f00b3dbd9b0","id":"/providers/Microsoft.Flow/flows/c212eab2-a377-48e5-9dd0-5f00b3dbd9b0","type":"Microsoft.Flow/flows","properties":{"apiId":"/providers/Microsoft.PowerApps/apis/shared_logicflows","displayName":"TH-1.1 Chép tập tin dự thi vào thư mục quản lý chung","definition":{"metadata":{"workflowEntityId":null,"flowclientsuspensionreason":"None","flowclientsuspensiontime":null,"creator":{"id":"2f9b0c2e-8e5d-48cb-b48d-91648d8782f8","type":"User","tenantId":"9153c0e0-d38b-4047-a33c-694e6cda878f"},"provisioningMethod":"FromDefinition","failureAlertSubscription":true,"clientLastModifiedTime":"2021-03-29T04:51:39.7665939Z"},"$schema":"https://schema.management.azure.com/providers/Microsoft.Logic/schemas/2016-06-01/workflowdefinition.json#","contentVersion":"1.0.0.0","parameters":{"$connections":{"defaultValue":{},"type":"Object"},"$authentication":{"defaultValue":{},"type":"SecureObject"},"odb.folderPath":{"defaultValue":"","type":"String"},"sharepoint.site":{"defaultValue":"","type":"String"},"sharepoint.folderPath":{"defaultValue":"","type":"String"}},"triggers":{"When_a_file_is_created":{"recurrence":{"frequency":"Minute","interval":5},"metadata":{"b!qkTm54JXmEqUjHkkj34VwAy5fX5Q1n1Jh5M-tOgTVT1YKZGfN6sPSr6B43c2u-OZ.01JHUN3MNGIC4Z25WTDFEIYFZRXX34G5FD":"/Apps/Microsoft Forms/Nộp sản phẩm cuộc thi GV-Bắc Giang","flowSystemMetadata":{"swaggerOperationId":"OnNewFile"},"b!qkTm54JXmEqUjHkkj34VwAy5fX5Q1n1Jh5M-tOgTVT1YKZGfN6sPSr6B43c2u-OZ.01JHUN3MJQ62NPSK6ZXVE3T5H7GSNJSKTA":"/Apps/Microsoft Forms/Nộp sản phẩm cuộc thi GV-Bắc Giang/Question","b!qkTm54JXmEqUjHkkj34VwAy5fX5Q1n1Jh5M-tOgTVT1YKZGfN6sPSr6B43c2u-OZ.01JHUN3MNY7YRM42YKEBC3D4CPK2IQ2LT6":"/Apps/Microsoft Forms/Phê duyệt giáo án 2020-2021 (Copy)","b!qkTm54JXmEqUjHkkj34VwAy5fX5Q1n1Jh5M-tOgTVT1YKZGfN6sPSr6B43c2u-OZ.01JHUN3MMZOD7FQUCGMBFYFJYZBAOBEDBQ":"/Apps/Microsoft Forms/Phê duyệt giáo án 2020-2021 (Copy)/Nộp giáo án","b!tjhIChnNQUWyYQCV9CwUojpjpLB3yBBHnFv9L7N1-WoEM2HGkXkyRLnMuSjt7fYe.01GZYIAXCAOGXMKX2YUVAKNG462RNRFW6B":"/Apps/Microsoft Forms/Nộp bài dự thi Giáo viên dạy giỏi - cấp tiểu học/Question"},"type":"ApiConnection","inputs":{"host":{"connection":{"name":"@parameters('$connections')['shared_onedriveforbusiness']['connectionId']"},"api":{"runtimeUrl":"https://asia-001.azure-apim.net/apim/onedriveforbusiness"}},"method":"get","path":"/datasets/default/triggers/onnewfile","queries":{"folderId":"b!tjhIChnNQUWyYQCV9CwUojpjpLB3yBBHnFv9L7N1-WoEM2HGkXkyRLnMuSjt7fYe.01GZYIAXCAOGXMKX2YUVAKNG462RNRFW6B"},"authentication":"@parameters('$authentication')"},"conditions":[]}},"actions":{"Get_items":{"runAfter":{"Initialize_variable-OneDrive":["Succeeded"]},"metadata":{"flowSystemMetadata":{"swaggerOperationId":"GetItems"}},"type":"ApiConnection","inputs":{"host":{"connection":{"name":"@parameters('$connections')['shared_sharepointonline']['connectionId']"},"api":{"runtimeUrl":"https://asia-001.azure-apim.net/apim/sharepointonline"}},"method":"get","path":"/datasets/@{encodeURIComponent(encodeURIComponent('https://officeittdteduvn.sharepoint.com/sites/gvdaygioiTH'))}/tables/@{encodeURIComponent(encodeURIComponent('54b69651-3e51-4b37-abf2-994772cab5de'))}/items","authentication":"@parameters('$authentication')"},"runtimeConfiguration":{"paginationPolicy":{"minimumItemCount":5000}}},"Apply_to_each":{"foreach":"@body('Get_items')?['value']","actions":{"Set_variable-SP":{"runAfter":{},"type":"SetVariable","inputs":{"name":"filenameSP","value":"@items('Apply_to_each')?['S_x1ea3_n_x0020_ph_x1ea9_m_x0020']"}},"Condition_2":{"actions":{"Create_file":{"runAfter":{},"metadata":{"flowSystemMetadata":{"swaggerOperationId":"CreateFile"}},"type":"ApiConnection","inputs":{"host":{"connection":{"name":"@parameters('$connections')['shared_sharepointonline']['connectionId']"},"api":{"runtimeUrl":"https://asia-001.azure-apim.net/apim/sharepointonline"}},"method":"post","body":"@triggerBody()","path":"/datasets/@{encodeURIComponent(encodeURIComponent('https://officeittdteduvn.sharepoint.com/sites/gvdaygioiTH'))}/files","queries":{"folderPath":"/Shared Documents/Lớp @{items('Apply_to_each')?['L_x1edb_p_x0020_h_x1ecd_c']}/@{items('Apply_to_each')?['M_x00f4_n_x0020_h_x1ecd_c']}","name":"@base64ToString(triggerOutputs()['headers']['x-ms-file-name-encoded'])","queryParametersSingleEncoded":true},"authentication":"@parameters('$authentication')"},"runtimeConfiguration":{"contentTransfer":{"transferMode":"Chunked"}}},"Condition_3":{"actions":{"Get_my_profile_(V2)_2":{"runAfter":{},"metadata":{"flowSystemMetadata":{"swaggerOperationId":"MyProfile_V2"}},"type":"ApiConnection","inputs":{"host":{"connection":{"name":"@parameters('$connections')['shared_office365users']['connectionId']"},"api":{"runtimeUrl":"https://asia-001.azure-apim.net/apim/office365users"}},"method":"get","path":"/codeless/v1.0/me","authentication":"@parameters('$authentication')"}},"Send_an_email_(V2)_2":{"runAfter":{"Get_my_profile_(V2)_2":["Succeeded"]},"metadata":{"flowSystemMetadata":{"swaggerOperationId":"SendEmailV2"}},"type":"ApiConnection","inputs":{"host":{"connection":{"name":"@parameters('$connections')['shared_office365']['connectionId']"},"api":{"runtimeUrl":"https://asia-001.azure-apim.net/apim/office365"}},"method":"post","body":{"To":"@body('Get_my_profile_(V2)_2')?['mail']","Subject":"Create File forbidden","Body":"<p>Create file action failed with error:</p>"},"path":"/v2/Mail","authentication":"@parameters('$authentication')"}}},"runAfter":{"Post_a_message_as_the_Flow_bot_to_a_channel":["Failed","Skipped","TimedOut"]},"expression":{"equals":["@outputs('Create_File')['statusCode']",403]},"type":"If"},"Post_a_message_as_the_Flow_bot_to_a_channel":{"runAfter":{"Create_file":["Succeeded"]},"metadata":{"flowSystemMetadata":{"swaggerOperationId":"PostChannelNotification"}},"type":"ApiConnection","inputs":{"host":{"connection":{"name":"@parameters('$connections')['shared_teams']['connectionId']"},"api":{"runtimeUrl":"https://asia-001.azure-apim.net/apim/teams"}},"method":"post","body":{"recipient":{"channelId":"19:2467b256a90a492584452b9854a55e8e@thread.tacv2"},"messageBody":"Đã nhận sản phẩm dự thi: @{base64ToString(triggerOutputs()['headers']['x-ms-file-name-encoded'])}","messageTitle":"Đã nhận sản phẩm dự thi: @{base64ToString(triggerOutputs()['headers']['x-ms-file-name-encoded'])}"},"path":"/flowbot/actions/notification/recipienttypes/channel","queries":{"groupId":"1be3e501-0937-4677-9aa7-4cbf53261473"},"authentication":"@parameters('$authentication')"}}},"runAfter":{"Set_variable-SP":["Succeeded"]},"expression":{"equals":["@variables('filenameOneDrive')","@variables('filenameSP')"]},"type":"If"}},"runAfter":{"Initialize_variable-SP":["Succeeded"]},"type":"Foreach"},"Initialize_variable-OneDrive":{"runAfter":{},"type":"InitializeVariable","inputs":{"variables":[{"name":"filenameOneDrive","type":"string","value":"@base64ToString(triggerOutputs()['headers']['x-ms-file-name-encoded'])"}]}},"Initialize_variable-SP":{"runAfter":{"Get_items":["Succeeded"]},"type":"InitializeVariable","inputs":{"variables":[{"name":"filenameSP","type":"string"}]}}}},"connectionReferences":{"shared_sharepointonline":{"connectionName":"e5a2d70c358d477794e524f1c5d78964","source":"Embedded","id":"/providers/Microsoft.PowerApps/apis/shared_sharepointonline","tier":"NotSpecified"},"shared_office365users":{"connectionName":"f98d036105e045aea1c1d95f0c2ba277","source":"Embedded","id":"/providers/Microsoft.PowerApps/apis/shared_office365users","tier":"NotSpecified"},"shared_office365":{"connectionName":"bb070974a63e456eb9035da7b6b14012","source":"Embedded","id":"/providers/Microsoft.PowerApps/apis/shared_office365","tier":"NotSpecified"},"shared_teams":{"connectionName":"9d3265a76bbe48d38e93f2938a618585","source":"Embedded","id":"/providers/Microsoft.PowerApps/apis/shared_teams","tier":"NotSpecified"},"shared_onedriveforbusiness":{"connectionName":"d126f20fcd624a418cd44028e3128218","source":"Embedded","id":"/providers/Microsoft.PowerApps/apis/shared_onedriveforbusiness","tier":"NotSpecified"}},"flowFailureAlertSubscribed":false}}