{"name":"47d6c8f1-8e45-4309-9796-e9222d4bb4b9","id":"/providers/Microsoft.Flow/flows/47d6c8f1-8e45-4309-9796-e9222d4bb4b9","type":"Microsoft.Flow/flows","properties":{"apiId":"/providers/Microsoft.PowerApps/apis/shared_logicflows","displayName":"TH-3.2 Tổng hợp KQ chấm thi GT2","definition":{"metadata":{"workflowEntityId":null,"flowclientsuspensionreason":"None","flowclientsuspensiontime":null,"creator":{"id":"1d86b3b3-6b52-4309-bd49-f6e1bd98bebb","type":"User","tenantId":"b4b133de-b15d-4f8d-a087-fb40d3cf2899"},"provisioningMethod":"FromDefinition","failureAlertSubscription":true,"clientLastModifiedTime":"2021-01-26T03:24:41.8885117Z"},"$schema":"https://schema.management.azure.com/providers/Microsoft.Logic/schemas/2016-06-01/workflowdefinition.json#","contentVersion":"1.0.0.0","parameters":{"$connections":{"defaultValue":{},"type":"Object"},"$authentication":{"defaultValue":{},"type":"SecureObject"}},"triggers":{"When_an_item_is_created_or_modified":{"recurrence":{"frequency":"Minute","interval":5},"splitOn":"@triggerOutputs()?['body/value']","type":"OpenApiConnection","inputs":{"host":{"apiId":"/providers/Microsoft.PowerApps/apis/shared_sharepointonline","connectionName":"shared_sharepointonline","operationId":"GetOnUpdatedItems"},"parameters":{"dataset":"https://bacgiang01.sharepoint.com/sites/nopsanphamGVTH","table":"2f3ade34-b9f7-4c50-afc3-9f6c788fbb8c"},"authentication":"@parameters('$authentication')"}}},"actions":{"Get_item-Chấm_điểm_GK2":{"runAfter":{},"type":"OpenApiConnection","inputs":{"host":{"apiId":"/providers/Microsoft.PowerApps/apis/shared_sharepointonline","connectionName":"shared_sharepointonline","operationId":"GetItem"},"parameters":{"dataset":"https://bacgiang01.sharepoint.com/sites/nopsanphamGVTH","table":"2f3ade34-b9f7-4c50-afc3-9f6c788fbb8c","id":"@triggerOutputs()?['body/ID']"},"authentication":"@parameters('$authentication')"}},"Condition_4":{"actions":{"Get_items-Nộp_bài_thi":{"runAfter":{},"type":"OpenApiConnection","inputs":{"host":{"apiId":"/providers/Microsoft.PowerApps/apis/shared_sharepointonline","connectionName":"shared_sharepointonline","operationId":"GetItems"},"parameters":{"dataset":"https://bacgiang01.sharepoint.com/sites/nopsanphamGVTH","table":"166261a6-d78d-48c1-8a42-ad16e4b77bcc"},"authentication":"@parameters('$authentication')"},"runtimeConfiguration":{"paginationPolicy":{"minimumItemCount":5000}}},"Apply_to_each":{"foreach":"@outputs('Get_items-Nộp_bài_thi')?['body/value']","actions":{"Condition_5":{"actions":{"Condition":{"actions":{"Update_item-Nộp_sản_phẩm":{"runAfter":{},"type":"OpenApiConnection","inputs":{"host":{"apiId":"/providers/Microsoft.PowerApps/apis/shared_sharepointonline","connectionName":"shared_sharepointonline","operationId":"PatchItem"},"parameters":{"dataset":"https://bacgiang01.sharepoint.com/sites/nopsanphamGVTH","table":"166261a6-d78d-48c1-8a42-ad16e4b77bcc","id":"@items('Apply_to_each')?['ID']","item/OData__x0110_i_x1ec3_mGT2":"@outputs('Get_item-Chấm_điểm_GK2')?['body/OData__x0110_i_x1ec3_m']","item/Nh_x1ead_nx_x00e9_tGT2":"@outputs('Get_item-Chấm_điểm_GK2')?['body/Nh_x1ead_nx_x00e9_t']","item/OData__x0111__x00e3_nh_x1ead_nth_x00f40":true},"authentication":"@parameters('$authentication')"}},"Update_item-GT2":{"runAfter":{"Update_item-Nộp_sản_phẩm":["Succeeded"]},"type":"OpenApiConnection","inputs":{"host":{"apiId":"/providers/Microsoft.PowerApps/apis/shared_sharepointonline","connectionName":"shared_sharepointonline","operationId":"PatchItem"},"parameters":{"dataset":"https://bacgiang01.sharepoint.com/sites/nopsanphamGVTH","table":"2f3ade34-b9f7-4c50-afc3-9f6c788fbb8c","id":"@outputs('Get_item-Chấm_điểm_GK2')?['body/ID']","item/Ng_x01b0__x1edd_ich_x1ea5_mthi":"@triggerOutputs()?['body/Editor/Email']","item/Th_x1edd_igianch_x1ea5_mthi":"@triggerOutputs()?['body/Modified']"},"authentication":"@parameters('$authentication')"}}},"runAfter":{},"expression":{"equals":["@items('Apply_to_each')?['OData__x0111__x00e3_nh_x1ead_nth_x00f40']",false]},"type":"If"}},"runAfter":{},"expression":{"equals":["@items('Apply_to_each')?['M_x00e3_ch_x1ea5_mthi']","@outputs('Get_item-Chấm_điểm_GK2')?['body/M_x00e3_ch_x1ea5_mthi']"]},"type":"If"}},"runAfter":{"Get_items-Nộp_bài_thi":["Succeeded"]},"type":"Foreach"}},"runAfter":{"Get_item-Chấm_điểm_GK2":["Succeeded"]},"expression":{"equals":["@outputs('Get_item-Chấm_điểm_GK2')?['body/G_x1eed_ik_x1ebf_tqu_x1ea3_ch_x1']",true]},"type":"If"}},"outputs":{}},"connectionReferences":{"shared_sharepointonline":{"connectionName":"shared-sharepointonl-0b0d48db-cd5f-4036-a44f-f0dc7165893f","source":"Embedded","id":"/providers/Microsoft.PowerApps/apis/shared_sharepointonline","tier":"NotSpecified"}},"flowFailureAlertSubscribed":false}}