{"name":"47b43ed7-422d-4415-8a25-9b81d18e2da1","id":"/providers/Microsoft.Flow/flows/47b43ed7-422d-4415-8a25-9b81d18e2da1","type":"Microsoft.Flow/flows","properties":{"apiId":"/providers/Microsoft.PowerApps/apis/shared_logicflows","displayName":"TH-2 Phân công chấm thi","definition":{"metadata":{"workflowEntityId":null,"flowclientsuspensionreason":"None","flowclientsuspensiontime":null,"creator":{"id":"1d86b3b3-6b52-4309-bd49-f6e1bd98bebb","type":"User","tenantId":"b4b133de-b15d-4f8d-a087-fb40d3cf2899"},"provisioningMethod":"FromDefinition","failureAlertSubscription":true,"clientLastModifiedTime":"2021-03-29T02:35:40.9088851Z"},"$schema":"https://schema.management.azure.com/providers/Microsoft.Logic/schemas/2016-06-01/workflowdefinition.json#","contentVersion":"1.0.0.0","parameters":{"$connections":{"defaultValue":{},"type":"Object"},"$authentication":{"defaultValue":{},"type":"SecureObject"}},"triggers":{"When_an_item_is_created_or_modified":{"recurrence":{"frequency":"Minute","interval":5},"splitOn":"@triggerOutputs()?['body/value']","type":"OpenApiConnection","inputs":{"host":{"apiId":"/providers/Microsoft.PowerApps/apis/shared_sharepointonline","connectionName":"shared_sharepointonline","operationId":"GetOnUpdatedItems"},"parameters":{"dataset":"https://bacgiang01.sharepoint.com/sites/nopsanphamGVTH","table":"166261a6-d78d-48c1-8a42-ad16e4b77bcc"},"authentication":"@parameters('$authentication')"}}},"actions":{"Get_item":{"runAfter":{},"type":"OpenApiConnection","inputs":{"host":{"apiId":"/providers/Microsoft.PowerApps/apis/shared_sharepointonline","connectionName":"shared_sharepointonline","operationId":"GetItem"},"parameters":{"dataset":"https://bacgiang01.sharepoint.com/sites/nopsanphamGVTH","table":"166261a6-d78d-48c1-8a42-ad16e4b77bcc","id":"@triggerOutputs()?['body/ID']"},"authentication":"@parameters('$authentication')"}},"Condition_4":{"actions":{"Apply_to_each-GT2":{"foreach":"@outputs('Get_item')?['body/Ph_x00e2_nc_x00f4_ngch_x1ea5_mth']","actions":{"Condition_6":{"actions":{"Get_items-GT2":{"runAfter":{},"type":"OpenApiConnection","inputs":{"host":{"apiId":"/providers/Microsoft.PowerApps/apis/shared_sharepointonline","connectionName":"shared_sharepointonline","operationId":"GetItems"},"parameters":{"dataset":"https://bacgiang01.sharepoint.com/sites/nopsanphamGVTH","table":"2f3ade34-b9f7-4c50-afc3-9f6c788fbb8c"},"authentication":"@parameters('$authentication')"}},"Apply_to_each":{"foreach":"@outputs('Get_items-GT2')?['body/value']","actions":{"Condition_2":{"actions":{"Set_variable":{"runAfter":{},"type":"SetVariable","inputs":{"name":"daTonTai-GT2","value":true}}},"runAfter":{},"expression":{"equals":["@items('Apply_to_each')?['M_x00e3_ch_x1ea5_mthi']","@outputs('Get_item')?['body/M_x00e3_ch_x1ea5_mthi']"]},"type":"If"}},"runAfter":{"Get_items-GT2":["Succeeded"]},"type":"Foreach"},"Condition_3":{"actions":{"Create_item-GT2":{"runAfter":{},"type":"OpenApiConnection","inputs":{"host":{"apiId":"/providers/Microsoft.PowerApps/apis/shared_sharepointonline","connectionName":"shared_sharepointonline","operationId":"PostItem"},"parameters":{"dataset":"https://bacgiang01.sharepoint.com/sites/nopsanphamGVTH","table":"2f3ade34-b9f7-4c50-afc3-9f6c788fbb8c","item/M_x00e3_ch_x1ea5_mthi":"@outputs('Get_item')?['body/M_x00e3_ch_x1ea5_mthi']","item/S_x1ea3_nph_x1ea9_md_x1ef1_thi":"@outputs('Get_item')?['body/S_x1ea3_nph_x1ea9_md_x1ef1_thi']"},"authentication":"@parameters('$authentication')"}}},"runAfter":{"Apply_to_each":["Succeeded"]},"expression":{"equals":["@variables('daTonTai-GT2')",false]},"type":"If"}},"runAfter":{},"expression":{"contains":["@items('Apply_to_each-GT2')?['Value']","Giám thị 2"]},"type":"If"}},"runAfter":{"Update_item":["Succeeded"]},"type":"Foreach"},"Apply_to_each-GT1":{"foreach":"@outputs('Get_item')?['body/Ph_x00e2_nc_x00f4_ngch_x1ea5_mth']","actions":{"Condition_5":{"actions":{"Get_items-GT1":{"runAfter":{},"type":"OpenApiConnection","inputs":{"host":{"apiId":"/providers/Microsoft.PowerApps/apis/shared_sharepointonline","connectionName":"shared_sharepointonline","operationId":"GetItems"},"parameters":{"dataset":"https://bacgiang01.sharepoint.com/sites/nopsanphamGVTH","table":"755cd915-a263-44c2-9a95-2a34a8f40eb3"},"authentication":"@parameters('$authentication')"}},"Apply_to_each_2":{"foreach":"@outputs('Get_items-GT1')?['body/value']","actions":{"Condition_7":{"actions":{"Set_variable_2":{"runAfter":{},"type":"SetVariable","inputs":{"name":"daTonTai-GT1","value":true}}},"runAfter":{},"expression":{"equals":["@items('Apply_to_each_2')?['M_x00e3_ch_x1ea5_mthi']","@outputs('Get_item')?['body/M_x00e3_ch_x1ea5_mthi']"]},"type":"If"}},"runAfter":{"Get_items-GT1":["Succeeded"]},"type":"Foreach"},"Condition_8":{"actions":{"Create_item-GT1":{"runAfter":{},"type":"OpenApiConnection","inputs":{"host":{"apiId":"/providers/Microsoft.PowerApps/apis/shared_sharepointonline","connectionName":"shared_sharepointonline","operationId":"PostItem"},"parameters":{"dataset":"https://bacgiang01.sharepoint.com/sites/nopsanphamGVTH","table":"755cd915-a263-44c2-9a95-2a34a8f40eb3","item/M_x00e3_ch_x1ea5_mthi":"@outputs('Get_item')?['body/M_x00e3_ch_x1ea5_mthi']","item/S_x1ea3_nph_x1ea9_md_x1ef1_thi":"@outputs('Get_item')?['body/S_x1ea3_nph_x1ea9_md_x1ef1_thi']"},"authentication":"@parameters('$authentication')"}}},"runAfter":{"Apply_to_each_2":["Succeeded"]},"expression":{"equals":["@variables('daTonTai-GT1')",false]},"type":"If"}},"runAfter":{},"expression":{"contains":["@items('Apply_to_each-GT1')?['Value']","Giám thị 1"]},"type":"If"}},"runAfter":{"Update_item":["Succeeded"]},"type":"Foreach"},"Apply_to_each-GT3":{"foreach":"@outputs('Get_item')?['body/Ph_x00e2_nc_x00f4_ngch_x1ea5_mth']","actions":{"Condition":{"actions":{"Get_items-GT3":{"runAfter":{},"type":"OpenApiConnection","inputs":{"host":{"apiId":"/providers/Microsoft.PowerApps/apis/shared_sharepointonline","connectionName":"shared_sharepointonline","operationId":"GetItems"},"parameters":{"dataset":"https://bacgiang01.sharepoint.com/sites/nopsanphamGVTH","table":"a65c7ba2-dfb1-4e5c-a19d-e3be71a0e466"},"authentication":"@parameters('$authentication')"}},"Apply_to_each_3":{"foreach":"@outputs('Get_items-GT3')?['body/value']","actions":{"Condition_9":{"actions":{"Set_variable_3":{"runAfter":{},"type":"SetVariable","inputs":{"name":"daTonTai-GT3","value":true}}},"runAfter":{},"expression":{"equals":["@items('Apply_to_each_3')?['M_x00e3_ch_x1ea5_mthi']","@outputs('Get_item')?['body/M_x00e3_ch_x1ea5_mthi']"]},"type":"If"}},"runAfter":{"Get_items-GT3":["Succeeded"]},"type":"Foreach"},"Condition_10":{"actions":{"Create_item":{"runAfter":{},"type":"OpenApiConnection","inputs":{"host":{"apiId":"/providers/Microsoft.PowerApps/apis/shared_sharepointonline","connectionName":"shared_sharepointonline","operationId":"PostItem"},"parameters":{"dataset":"https://bacgiang01.sharepoint.com/sites/nopsanphamGVTH","table":"a65c7ba2-dfb1-4e5c-a19d-e3be71a0e466","item/M_x00e3_ch_x1ea5_mthi":"@outputs('Get_item')?['body/M_x00e3_ch_x1ea5_mthi']","item/S_x1ea3_nph_x1ea9_md_x1ef1_thi":"@outputs('Get_item')?['body/S_x1ea3_nph_x1ea9_md_x1ef1_thi']"},"authentication":"@parameters('$authentication')"}}},"runAfter":{"Apply_to_each_3":["Succeeded"]},"expression":{"equals":["@variables('daTonTai-GT3')",false]},"type":"If"}},"runAfter":{},"expression":{"contains":["@items('Apply_to_each-GT3')?['Value']","Giám thị 3"]},"type":"If"}},"runAfter":{"Update_item":["Succeeded"]},"type":"Foreach"},"Update_item":{"runAfter":{},"type":"OpenApiConnection","inputs":{"host":{"apiId":"/providers/Microsoft.PowerApps/apis/shared_sharepointonline","connectionName":"shared_sharepointonline","operationId":"PatchItem"},"parameters":{"dataset":"https://bacgiang01.sharepoint.com/sites/nopsanphamGVTH","table":"166261a6-d78d-48c1-8a42-ad16e4b77bcc","id":"@outputs('Get_item')?['body/ID']","item/OData__x0111__x00e3_ph_x00e2_nc_x00f4_":true},"authentication":"@parameters('$authentication')"}}},"runAfter":{"Initialize_variable-GT3":["Succeeded"]},"expression":{"and":[{"equals":["@outputs('Get_item')?['body/Ti_x1ebf_nh_x00e0_nhph_x00e2_nc_']",true]},{"equals":["@outputs('Get_item')?['body/OData__x0111__x00e3_ph_x00e2_nc_x00f4_']",false]}]},"type":"If"},"Initialize_variable-GT1":{"runAfter":{"Get_item":["Succeeded"]},"type":"InitializeVariable","inputs":{"variables":[{"name":"daTonTai-GT1","type":"boolean","value":false}]}},"Initialize_variable-GT2":{"runAfter":{"Initialize_variable-GT1":["Succeeded"]},"type":"InitializeVariable","inputs":{"variables":[{"name":"daTonTai-GT2","type":"boolean","value":false}]}},"Initialize_variable-GT3":{"runAfter":{"Initialize_variable-GT2":["Succeeded"]},"type":"InitializeVariable","inputs":{"variables":[{"name":"daTonTai-GT3","type":"boolean","value":false}]}}},"outputs":{}},"connectionReferences":{"shared_sharepointonline":{"connectionName":"shared-sharepointonl-0b0d48db-cd5f-4036-a44f-f0dc7165893f","source":"Embedded","id":"/providers/Microsoft.PowerApps/apis/shared_sharepointonline","tier":"NotSpecified"}},"flowFailureAlertSubscribed":false}}